
{
  "paris": {"xmin": 2.125608,
           "ymin": 48.758445,
           "xmax": 2.564374,
           "ymax": 48.992376}
}