
{
  "paris": {"xmin": 2.125608,
           "ymin": 48.758445,
           "xmax": 2.564374,
           "ymax": 48.992376},

  "khartoum": {"xmin": 31.08,
              "ymin": 16.30,
              "xmax": 33.55,
              "ymax": 14.19,
              "z":14},

  "shanghai": {"xmin": 120.3932,
              "ymin": 30.6479,
              "xmax": 122.1758,
              "ymax": 31.7311},

  "la": {"xmin": -118.5266,
        "ymin": 33.8858,
        "xmax": -117.9876,
        "ymax": 34.1567},


  "vegas": {"xmin": -115.42099191,
           "ymin": 36.06852146 ,
           "xmax":-115.05679642 ,
           "ymax":36.36336146 }
}