{
  "vegas": {"xmin": -115.42099191,
           "ymin": 36.06852146 ,
           "xmax":-115.05679642 ,
           "ymax":36.36336146,
            "z":  14}
}